{
  "best_val_accuracy": 0.44456666666666667,
  "best_val_loss": 1.5367505169550577,
  "completed_epochs": 60.0,
  "resumed_from_epoch": 0.0
}
