{
  "best_val_accuracy": 0.4555777777777778,
  "best_val_loss": 1.5487410536872015,
  "completed_epochs": 60.0,
  "resumed_from_epoch": 0.0
}
