{
  "best_val_accuracy": 0.7597777777777778,
  "best_val_loss": 0.7220072688473596,
  "completed_epochs": 18.0,
  "resumed_from_epoch": 0.0
}
