{
  "best_val_accuracy": 0.47078888888888887,
  "best_val_loss": 1.4777207138909234,
  "completed_epochs": 60.0,
  "resumed_from_epoch": 0.0
}
