{
  "best_val_accuracy": 0.4070888888888889,
  "best_val_loss": 1.6122609944237603,
  "completed_epochs": 60.0,
  "resumed_from_epoch": 0.0
}
