{
  "best_val_accuracy": 0.5456222222222222,
  "best_val_loss": 1.2700944928063287,
  "completed_epochs": 60.0,
  "resumed_from_epoch": 0.0
}
