{
  "best_val_accuracy": 0.4058333333333333,
  "best_val_loss": 1.6151510321087308,
  "completed_epochs": 60.0,
  "resumed_from_epoch": 0.0
}
