{
  "best_val_accuracy": 0.43846666666666667,
  "best_val_loss": 1.5467625602722168,
  "completed_epochs": 60.0,
  "resumed_from_epoch": 0.0
}
