{
  "best_val_accuracy": 0.4574666666666667,
  "best_val_loss": 1.4945188284979927,
  "completed_epochs": 60.0,
  "resumed_from_epoch": 20.0
}
