{
  "best_val_accuracy": 0.4136222222222222,
  "best_val_loss": 1.6037327131059436,
  "completed_epochs": 60.0,
  "resumed_from_epoch": 0.0
}
