{
  "best_val_accuracy": 0.44703333333333334,
  "best_val_loss": 1.5289679559283786,
  "completed_epochs": 60.0,
  "resumed_from_epoch": 0.0
}
