{
  "best_val_accuracy": 0.4452111111111111,
  "best_val_loss": 1.5325331613116795,
  "completed_epochs": 60.0,
  "resumed_from_epoch": 0.0
}
