{
  "best_val_accuracy": 0.4454444444444444,
  "best_val_loss": 1.5472495820151435,
  "completed_epochs": 60.0,
  "resumed_from_epoch": 0.0
}
