{
  "best_val_accuracy": 0.5980000007152557,
  "test_accuracy": 0.5869333338737488
}
