{
  "best_val_accuracy": 0.45463333333333333,
  "best_val_loss": 1.5833727847629124,
  "completed_epochs": 60.0,
  "resumed_from_epoch": 0.0
}
