{
  "best_val_accuracy": 0.4239222222222222,
  "best_val_loss": 1.5740742186016508,
  "completed_epochs": 60.0,
  "resumed_from_epoch": 0.0
}
