{
  "best_val_accuracy": 0.4769888888888889,
  "best_val_loss": 1.492765368991428,
  "completed_epochs": 60.0,
  "resumed_from_epoch": 0.0
}
