{
  "best_val_accuracy": 0.4588333333333333,
  "best_val_loss": 1.567299682574802,
  "completed_epochs": 60.0,
  "resumed_from_epoch": 0.0
}
