{
  "best_val_accuracy": 0.4255888888888889,
  "best_val_loss": 1.5701509327782526,
  "completed_epochs": 60.0,
  "resumed_from_epoch": 0.0
}
