{
  "retrain": {
    "best_val_accuracy": 0.5900555555555556,
    "best_val_loss": 1.1464698980543349,
    "completed_epochs": 60.0,
    "resumed_from_epoch": 0.0
  },
  "search": {
    "best_val_accuracy": 0.6848444444444445,
    "best_val_loss": 0.9154144085142347,
    "completed_epochs": 60.0,
    "resumed_from_epoch": 0.0
  },
  "selected_operation_names": [
    "maxpool3x3_proj",
    "conv5x5",
    "conv5x5",
    "depthwise3x3",
    "skip_proj",
    "conv3x3"
  ],
  "test_accuracy": 0.5879666666666666,
  "test_loss": 1.1509498720592923
}
