{
  "best_val_accuracy": 0.4660111111111111,
  "best_val_loss": 1.5154332964155408,
  "completed_epochs": 60.0,
  "resumed_from_epoch": 0.0
}
