{
  "best_val_accuracy": 0.7605222222222222,
  "best_val_loss": 0.7619794934749603,
  "completed_epochs": 18.0,
  "resumed_from_epoch": 0.0
}
