{
  "best_val_accuracy": 0.44564444444444445,
  "best_val_loss": 1.5318381686210631,
  "completed_epochs": 60.0,
  "resumed_from_epoch": 0.0
}
