{
  "best_val_accuracy": 0.42743333333333333,
  "best_val_loss": 1.6238035257869297,
  "completed_epochs": 23.0,
  "resumed_from_epoch": 0.0
}
