{
  "best_val_accuracy": 0.44435555555555556,
  "best_val_loss": 1.5459329005347358,
  "completed_epochs": 60.0,
  "resumed_from_epoch": 0.0
}
