{
  "best_val_accuracy": 0.4750888888888889,
  "best_val_loss": 1.5095624157799614,
  "completed_epochs": 60.0,
  "resumed_from_epoch": 0.0
}
