{
  "best_val_accuracy": 0.5946333343535661,
  "test_accuracy": 0.5899333342164755
}
