{
  "best_val_accuracy": 0.4741111111111111,
  "best_val_loss": 1.4702372890260484,
  "completed_epochs": 60.0,
  "resumed_from_epoch": 0.0
}
