{
  "best_val_accuracy": 0.44645555555555555,
  "best_val_loss": 1.5431944047715929,
  "completed_epochs": 60.0,
  "resumed_from_epoch": 0.0
}
