{
  "best_val_accuracy": 0.4566777777777778,
  "best_val_loss": 1.4993980377515157,
  "completed_epochs": 60.0,
  "resumed_from_epoch": 0.0
}
