{
  "best_val_accuracy": 0.5335111111111112,
  "best_val_loss": 1.3672306359820896,
  "completed_epochs": 60.0,
  "resumed_from_epoch": 0.0
}
