{
  "best_val_accuracy": 0.43972222222222224,
  "best_val_loss": 1.5523514941745333,
  "completed_epochs": 60.0,
  "resumed_from_epoch": 0.0
}
