{
  "best_val_accuracy": 0.4812222222222222,
  "best_val_loss": 1.4869494106292724,
  "completed_epochs": 60.0,
  "resumed_from_epoch": 0.0
}
