{
  "best_val_accuracy": 0.5550111111111111,
  "best_val_loss": 1.2590686748610602,
  "completed_epochs": 60.0,
  "resumed_from_epoch": 0.0
}
