{
  "best_val_accuracy": 0.4157888888888889,
  "best_val_loss": 1.602956309615241,
  "completed_epochs": 60.0,
  "resumed_from_epoch": 0.0
}
