{
  "best_val_accuracy": 0.42004444444444444,
  "best_val_loss": 1.596323522461785,
  "completed_epochs": 60.0,
  "resumed_from_epoch": 0.0
}
