{
  "best_val_accuracy": 0.4171666666666667,
  "best_val_loss": 1.5993077885097928,
  "completed_epochs": 60.0,
  "resumed_from_epoch": 0.0
}
