{
  "best_val_accuracy": 0.6012666693329811,
  "test_accuracy": 0.5880666656792164
}
