{
  "best_val_accuracy": 0.4162222222222222,
  "best_val_loss": 1.5987882518556382,
  "completed_epochs": 60.0,
  "resumed_from_epoch": 0.0
}
