{
  "best_val_accuracy": 0.4668111111111111,
  "best_val_loss": 1.5271217536502415,
  "completed_epochs": 60.0,
  "resumed_from_epoch": 0.0
}
