{
  "best_val_accuracy": 0.5455777777777778,
  "best_val_loss": 1.3316044640011258,
  "completed_epochs": 60.0,
  "resumed_from_epoch": 0.0
}
