{
  "best_val_accuracy": 0.4754333333333333,
  "best_val_loss": 1.5828753524356418,
  "completed_epochs": 60.0,
  "resumed_from_epoch": 0.0
}
