{
  "best_val_accuracy": 0.4812444444444444,
  "best_val_loss": 1.4574958833058675,
  "completed_epochs": 60.0,
  "resumed_from_epoch": 0.0
}
