{
  "best_val_accuracy": 0.4617111111111111,
  "best_val_loss": 1.4947247633404201,
  "completed_epochs": 60.0,
  "resumed_from_epoch": 0.0
}
