{
  "best_val_accuracy": 0.45795555555555556,
  "best_val_loss": 1.5019396335177952,
  "completed_epochs": 60.0,
  "resumed_from_epoch": 0.0
}
